"id_usuario","direccion_estacion_origen","direccion_estacion_destino","duracion_recorrido","distancia","dia"
23915,"2185 Ravignani, Emilio, Dr. & Guatemala","Armenia 1525 y Gorriti",717,1504.9,"Viernes"
498500,"Figueroa Alcorta & Sarmiento","Armenia 1525 y Gorriti",1377,2610.63,"Jueves"
492921,"1471 Cucha Cucha","Armenia 1525 y Gorriti",1703,2799.81,"Miércoles"
599060,"o´higins 1327","Armenia 1525 y Gorriti",1417,3022.31,"Viernes"
16756,"Cerrito 990 y Av. Marcelo T. De Alvear","México & Lima",1147,2039.11,"Viernes"
16756,"Cerrito 990 y Av. Marcelo T. De Alvear","México & Lima",1119,2039.11,"Jueves"
339543,"2908 Salcedo & Dean Funes","México & Lima",1200,2850.16,"Jueves"
134343,"Idependencia y Bernardo de Irigoyen","México & Lima",3429,269.24,"Viernes"
93576,"Cevallos, Virrey& Yrigoyen, Hipolito Av.","1226 Ecuador & Mansilla, Lucio Norberto, General",764,2039.03,"Miércoles"
228280,"3912 Humahuaca","1226 Ecuador & Mansilla, Lucio Norberto, General",537,1532.65,"Jueves"
23915,"1413 Araoz & Gorriti CABA","Moreno & Av Paseo Colon",6789,5676.44,"Domingo"
43462,"Reconquista & Corrientes Av.","Beruti & Ecuador",1659,3004.06,"Martes"
60358,"Miguel Sanchez y Av Libertadores","Beruti & Ecuador",2826,7441.42,"Viernes"
136650,"Figueroa Alcorta & Sarmiento","Beruti & Ecuador",1121,2365.18,"Miércoles"
502854,"902 Esmeralda","Beruti & Ecuador",2242,2254.38,"Martes"
511327,"2133 Figueroa Alcorta","Beruti & Ecuador",1272,1473.67,"Sábado"
524103,"Juncal & Salguero, Jeronimo","Riobamba 1264 & Juncal",776,1827.53,"Miércoles"
538693,"Av. Sarmiento 2601","Godoy Cruz  3279 y Libertador",892,887.37,"Lunes"
463112,"Armenia 1525 y Gorriti","Godoy Cruz  3279 y Libertador",2864,2140.48,"Sábado"
522473,"3508 Carcova","Godoy Cruz  3279 y Libertador",1441,2522.33,"Sábado"
521489,"Av. Del Libertador, 3260","Godoy Cruz  3279 y Libertador",1498,699.14,"Domingo"
498500,"1981 Vidal","Godoy Cruz  3279 y Libertador",1748,3633.7,"Martes"
425918,"2300 Diaz, Cnel. Av. & French","441 Bulnes & Peron, Juan Domingo, Tte. General",3111,2542.09,"Jueves"
93576,"Avenida Martin Garcia, 295","Dr Tomas Manuel De  Anchorena &  Jose A. Cabrera",2000,4930.43,"Jueves"
544500,"1590 Lavalle","3302 Guardia Vieja & Aguero",1428,2042.81,"Domingo"
216106,"Maza y don Bosco","3302 Guardia Vieja & Aguero",1612,1151.78,"Jueves"
436080,"Av. Sarmiento 2601","3302 Guardia Vieja & Aguero",1426,2617.39,"Domingo"
99317,"3508 Carcova","Lavalle & Acuña De Figueroa, Francisco",531,843.07,"Domingo"
216106,"3302 Guardia Vieja & Aguero","Lavalle & Acuña De Figueroa, Francisco",2752,1079.24,"Domingo"
339543,"1590 Lavalle","Cevallos, Virrey& Yrigoyen, Hipolito Av.",458,684.95,"Viernes"
68574,"Machaca Guemes 350","Cevallos, Virrey& Yrigoyen, Hipolito Av.",1408,2300.72,"Sábado"
68574,"Machaca Guemes 350","Cevallos, Virrey& Yrigoyen, Hipolito Av.",1689,2300.72,"Lunes"
93576,"519 Pasteur","Cevallos, Virrey& Yrigoyen, Hipolito Av.",393,1174.16,"Miércoles"
339543,"3024 Calvo, Carlos","Cevallos, Virrey& Yrigoyen, Hipolito Av.",1089,2206.84,"Viernes"
68574,"367 Sanchez De Thompson, Mariquita","Cevallos, Virrey& Yrigoyen, Hipolito Av.",1855,2536.7,"Domingo"
522473,"Dr Tomas Manuel De  Anchorena &  Jose A. Cabrera","1520 Billinghurst & Mansilla, Lucio Norberto, General",855,632.59,"Viernes"
99317,"Cerrito & Arenales","1520 Billinghurst & Mansilla, Lucio Norberto, General",1001,2702.84,"Domingo"
16756,"Suipacha & Viamonte, 709","Reconquista 76 & Cordoba Av.",311,643.95,"Miércoles"
13899,"Av. Patricias Argentinas & Estivao","Av. Patricias Argentinas & Estivao",1333,0,"Martes"
208218,"Av. Patricias Argentinas & Estivao","Av. Patricias Argentinas & Estivao",635,0,"Domingo"
208218,"Av. Patricias Argentinas & Estivao","Av. Patricias Argentinas & Estivao",1586,0,"Lunes"
13899,"Av. Patricias Argentinas & Estivao","Av. Patricias Argentinas & Estivao",1074,0,"Sábado"
492921,"1785 Espinosa","Av. Patricias Argentinas & Estivao",1259,2222.26,"Miércoles"
298977,"Delgado & Loreto, Virrey","Av. Patricias Argentinas & Estivao",2247,4068.02,"Lunes"
339543,"3024 Calvo, Carlos","Av. Patricias Argentinas & Estivao",1148,2835.35,"Lunes"
492921,"1540 Garcia, Juan Agustin","Av. Patricias Argentinas & Estivao",1889,3006.09,"Martes"
481240,"2939 Cavia","Juncal & Salguero, Jeronimo",1698,897.88,"Sábado"
213521,"Santa Fe Av. & Bullrich, Int. Av.","3082 Cabello",1451,1982.92,"Sábado"
90776,"561 Uruguay & Av. Tucuman","3082 Cabello",1178,2765.37,"Lunes"
301804,"Calcena & Avellaneda Av.","141 Jose Maria Moreno",697,2006.9,"Lunes"
301804,"Calcena & Avellaneda Av.","141 Jose Maria Moreno",1118,2006.9,"Miércoles"
181882,"Avenida Rivadavia y Fray Cayetano","141 Jose Maria Moreno",1612,2715.37,"Martes"
14488,"1019 Riglos","141 Jose Maria Moreno",881,1241.89,"Jueves"
524103,"Costa Rica & Armenia","780 Malabia & Loyola",794,1202.5,"Martes"
16756,"Marcelo T. de Alvear & Rodriguez Peña","Pres. José Evaristo Uriburu 987",267,661.13,"Miércoles"
511327,"2300 Diaz, Cnel. Av. & French","2300 Diaz, Cnel. Av. & French",2510,0,"Martes"
511327,"2300 Diaz, Cnel. Av. & French","2300 Diaz, Cnel. Av. & French",1396,0,"Jueves"
16756,"Parana & Juncal","2300 Diaz, Cnel. Av. & French",1371,1914.54,"Domingo"
522473,"Aguero & Mansilla, Lucio Norberto, General","2300 Diaz, Cnel. Av. & French",620,1050.57,"Jueves"
522473,"Aguero & Mansilla, Lucio Norberto, General","2300 Diaz, Cnel. Av. & French",629,1050.57,"Jueves"
522473,"Aguero & Mansilla, Lucio Norberto, General","2300 Diaz, Cnel. Av. & French",608,1050.57,"Jueves"
126204,"Quintino Bocayuva y Don Bosco","Ayacucho 595",1943,2839.3,"Domingo"
452193,"Costa Rica & Armenia","803 José Marmol",3195,3879.1,"Jueves"
599060,"Olleros Av. & Del Libertador Av.","Figueroa Alcorta, Pres. Av. & Dorrego Av.",741,1424.61,"Viernes"
478794,"Olleros Av. & Del Libertador Av.","Figueroa Alcorta, Pres. Av. & Dorrego Av.",1911,1424.61,"Lunes"
188139,"Santa Fe Av. & Bullrich, Int. Av.","Figueroa Alcorta, Pres. Av. & Dorrego Av.",524,1456.7,"Miércoles"
498500,"1981 Vidal","Figueroa Alcorta, Pres. Av. & Dorrego Av.",1763,3537.84,"Domingo"
99317,"Guemes 3330 & Coronel Diaz","Salguero, Jeronimo & Mansilla, Lucio Norberto, General",994,428.1,"Martes"
43693,"Salguero, Jeronimo & Mansilla, Lucio Norberto, General","Salguero, Jeronimo & Mansilla, Lucio Norberto, General",2200,0,"Domingo"
425918,"3024 Calvo, Carlos","Salguero, Jeronimo & Mansilla, Lucio Norberto, General",1463,3716.73,"Martes"
498500,"Godoy Cruz  3279 y Libertador","Amenabar y Mendoza",1376,3708.79,"Martes"
23915,"Suipacha & Viamonte, 709","1413 Araoz & Gorriti CABA",2743,4316.38,"Domingo"
91633,"Olleros Av. & Del Libertador Av.","1413 Araoz & Gorriti CABA",1532,3373.08,"Miércoles"
91633,"Fitz Roy & Gorriti","1413 Araoz & Gorriti CABA",525,1345.46,"Sábado"
91633,"Juncal & Salguero, Jeronimo","1413 Araoz & Gorriti CABA",566,1610.57,"Lunes"
23915,"Juncal & Salguero, Jeronimo","1413 Araoz & Gorriti CABA",692,1610.57,"Jueves"
23915,"F.J.Santamaria de Oro & Guatemala","1413 Araoz & Gorriti CABA",577,1057.64,"Miércoles"
91633,"Sucre, Antonio Jose De, Mcal. Y Vertiz Virrey Av.","1413 Araoz & Gorriti CABA",1920,4190.8,"Jueves"
425918,"2939 Cavia","2939 Cavia",369,0,"Lunes"
481240,"2939 Cavia","2939 Cavia",2445,0,"Lunes"
481240,"3822 Guemes","2939 Cavia",808,1323.9,"Sábado"
599549,"2185 Ravignani, Emilio, Dr. & Guatemala","2185 Ravignani, Emilio, Dr. & Guatemala",1955,0,"Sábado"
246986,"3508 Carcova","2185 Ravignani, Emilio, Dr. & Guatemala",1484,2685.44,"Sábado"
246986,"3508 Carcova","2185 Ravignani, Emilio, Dr. & Guatemala",2422,2685.44,"Sábado"
246986,"3508 Carcova","2185 Ravignani, Emilio, Dr. & Guatemala",1464,2685.44,"Sábado"
188139,"Amenabar y Mendoza","2185 Ravignani, Emilio, Dr. & Guatemala",1849,2799.36,"Domingo"
93576,"Triunvirato Av. & Tronador","Quintino Bocayuva y Don Bosco",2168,5140.07,"Sábado"
93576,"Triunvirato Av. & Tronador","Quintino Bocayuva y Don Bosco",2406,5140.07,"Domingo"
16756,"Reconquista 76 & Cordoba Av.","Cerrito 990 y Av. Marcelo T. De Alvear",371,912.53,"Miércoles"
93576,"Triunvirato Av. & Tronador","3508 Carcova",1654,4966.34,"Lunes"
526034,"Av. Del Libertador, 3260","3508 Carcova",1052,2118.76,"Sábado"
126204,"Maza y don Bosco","Maza y don Bosco",1618,0,"Viernes"
93576,"Cevallos, Virrey& Yrigoyen, Hipolito Av.","Peru  1016",876,1828.26,"Viernes"
30111,"Armenia 1525 y Gorriti","Zapiola & Dorrego",1102,1670.29,"Sábado"
91633,"Av. Guzman 1100 & Av. Corrientes","Zapiola & Dorrego",1195,1503.95,"Lunes"
213521,"2001 Donado","Zapiola & Dorrego",1737,3093.5,"Jueves"
6068,"2080 Austria","Fitz Roy & Gorriti",2010,3090.54,"Sábado"
122108,"3024 Calvo, Carlos","Fitz Roy & Gorriti",2077,4941.62,"Miércoles"
426508,"Cerrito & Arenales","Tucuman & 9 De Julio Av.",529,848.57,"Martes"
301804,"Calcena & Avellaneda Av.","Juana De Ibarbourou & Av Patricias Argentinas",1038,2879.37,"Miércoles"
73452,"1226 Ecuador & Mansilla, Lucio Norberto, General","Juana De Ibarbourou & Av Patricias Argentinas",1374,2893.78,"Miércoles"
301804,"Guayaquil & Doblas","Juana De Ibarbourou & Av Patricias Argentinas",1349,1742.97,"Jueves"
538693,"3024 Calvo, Carlos","3568 Estados Unidos & Boedo Av.",255,748.8,"Miércoles"
29458,"Iguazu & Uspallata","3568 Estados Unidos & Boedo Av.",1445,2172.39,"Sábado"
51564,"Ayacucho &Peron, Juan Domingo, Tte. General","Libertad & lavalle",597,1194.85,"Miércoles"
5249,"Peña & Azcuenaga","Parana & Juncal",479,812.4,"Jueves"
16756,"2300 Diaz, Cnel. Av. & French","Parana & Juncal",1349,1914.54,"Sábado"
5249,"Ayacucho 595","Parana & Juncal",570,1233.87,"Domingo"
16756,"Marcelo T. de Alvear & Rodriguez Peña","Parana & Juncal",2173,571.23,"Lunes"
6068,"Salguero, Jeronimo & Mansilla, Lucio Norberto, General","2080 Austria",499,1129.27,"Lunes"
16756,"Uriburu Jose E., Pres. & Paraguay","Marcelo T. de Alvear & Rodriguez Peña",530,677.02,"Martes"
533495,"Av. Sarmiento 2601","Marcelo T. de Alvear & Rodriguez Peña",2066,3255.87,"Domingo"
533495,"Costa Rica & Armenia","Marcelo T. de Alvear & Rodriguez Peña",1484,3281.75,"Martes"
538693,"Mexico 1652","519 Pasteur",3008,1647.55,"Jueves"
228280,"Beruti & Ecuador","Armenia 2315 & Charcas",1636,1849.36,"Sábado"
605347,"925 Yatay& Humahuaca","684 Boulogne Sur Mer & Tucuman",1859,2055.43,"Lunes"
533495,"Cerrito 990 y Av. Marcelo T. De Alvear","Costa Rica & Armenia",1687,4066.36,"Miércoles"
23915,"Santa Fe Av. & Bullrich, Int. Av.","Costa Rica & Armenia",4692,1240.97,"Sábado"
452193,"Uriburu Jose E., Pres. & Paraguay","Costa Rica & Armenia",1126,2704.44,"Lunes"
533495,"Av. Del Libertador, 3260","Costa Rica & Armenia",664,1828.77,"Jueves"
228280,"Dr Tomas Manuel De  Anchorena &  Jose A. Cabrera","Costa Rica & Armenia",1188,1931.35,"Sábado"
533495,"Marcelo T. de Alvear & Rodriguez Peña","Costa Rica & Armenia",2349,3281.75,"Martes"
533495,"Costa Rica & Armenia","Costa Rica & Armenia",2449,0,"Domingo"
533495,"Costa Rica & Armenia","Costa Rica & Armenia",2634,0,"Domingo"
533495,"Costa Rica & Armenia","Costa Rica & Armenia",2972,0,"Sábado"
533495,"Costa Rica & Armenia","Costa Rica & Armenia",2741,0,"Sábado"
339543,"3024 Calvo, Carlos","708 Pasco & Chile",2361,1072.18,"Domingo"
498500,"1981 Vidal","Av. Del Libertador, 3260",2247,4312.42,"Martes"
51564,"1019 Saavedra","925 Yatay& Humahuaca",1599,3323.62,"Lunes"
363118,"Juana De Ibarbourou & Av Patricias Argentinas","925 Yatay& Humahuaca",2069,658.49,"Sábado"
188139,"780 Malabia & Loyola","925 Yatay& Humahuaca",443,847.99,"Miércoles"
599060,"o´higins 1327","925 Yatay& Humahuaca",1313,4092.55,"Sábado"
134343,"Estados Unidos & Lima","Machaca Guemes 350",996,2105.85,"Lunes"
261632,"Machaca Guemes 350","Machaca Guemes 350",3254,0,"Viernes"
425918,"2516 Pereyra Lucena","Machaca Guemes 350",2029,4121.58,"Sábado"
599060,"Cordoba 6599","o´higins 1327",1240,1638.32,"Miércoles"
599060,"2700 Pedraza, Manuela","o´higins 1327",973,2618.61,"Viernes"
599060,"Vuelta de Obligado 2004","o´higins 1327",630,999.8,"Jueves"
599060,"o´higins 1327","o´higins 1327",2901,0,"Viernes"
599060,"o´higins 1327","o´higins 1327",3108,0,"Lunes"
599060,"o´higins 1327","o´higins 1327",2866,0,"Miércoles"
14488,"Quintino Bocayuva y Don Bosco","4300 Yrigoyen, Hipolito Av.",200,438.08,"Viernes"
14488,"141 Jose Maria Moreno","4300 Yrigoyen, Hipolito Av.",1155,914.45,"Sábado"
301804,"Bartolome Mitre & Av. Puyrredon","4300 Yrigoyen, Hipolito Av.",748,2049.06,"Viernes"
599060,"Miller & Monroe","2001 Donado",1313,675.48,"Lunes"
28396,"2519 Conesa","2001 Donado",637,1575.87,"Domingo"
492921,"1540 Garcia, Juan Agustin","2001 Donado",1425,3280.34,"Viernes"
498500,"1981 Vidal","2001 Donado",2051,1671.02,"Domingo"
495592,"Calle Perú, 718","Cerrito & Arenales",1672,2607.77,"Viernes"
339543,"803 José Marmol","3024 Calvo, Carlos",450,1564.97,"Viernes"
339543,"803 José Marmol","3024 Calvo, Carlos",1161,1564.97,"Sábado"
339543,"1019 Riglos","3024 Calvo, Carlos",2170,2682.88,"Domingo"
339543,"México & Lima","3024 Calvo, Carlos",802,2540.62,"Jueves"
538693,"561 Uruguay & Av. Tucuman","3024 Calvo, Carlos",1488,2972.44,"Miércoles"
301804,"608 Doblas & Valle","J.Ramirez de Velasco 285",2963,2720.94,"Jueves"
93576,"Triunvirato Av. & Tronador","J.Ramirez de Velasco 285",1202,3423.63,"Lunes"
481240,"3822 Guemes","J.Ramirez de Velasco 285",1002,2267.63,"Miércoles"
9190,"Guayaquil & Doblas","J.Ramirez de Velasco 285",645,2200.48,"Miércoles"
134368,"Figueroa Alcorta & Sarmiento","J.Ramirez de Velasco 285",1964,3803.87,"Viernes"
14488,"Av. Patricias Argentinas & Estivao","3997 TTE. GENERAL JUAN DOMINGO PERON",1239,1037.49,"Lunes"
14488,"Av. Patricias Argentinas & Estivao","3997 TTE. GENERAL JUAN DOMINGO PERON",598,1037.49,"Jueves"
14488,"Av. Patricias Argentinas & Estivao","3997 TTE. GENERAL JUAN DOMINGO PERON",489,1037.49,"Sábado"
522473,"2516 Pereyra Lucena","3051 San Martin De Tours",2922,757.61,"Domingo"
522473,"2516 Pereyra Lucena","3051 San Martin De Tours",2264,757.61,"Viernes"
522473,"2939 Cavia","3051 San Martin De Tours",900,392.99,"Viernes"
522473,"Arenales y Aguero","3051 San Martin De Tours",4449,1549.2,"Domingo"
522473,"3051 San Martin De Tours","3051 San Martin De Tours",2264,0,"Sábado"
23915,"1413 Araoz & Gorriti CABA","Figueroa Alcorta & Sarmiento",1797,2655.99,"Sábado"
522473,"2939 Cavia","Figueroa Alcorta & Sarmiento",1833,697.51,"Domingo"
522473,"2939 Cavia","Figueroa Alcorta & Sarmiento",1587,697.51,"Sábado"
522473,"Figueroa Alcorta & Sarmiento","Figueroa Alcorta & Sarmiento",1014,0,"Sábado"
522473,"3051 San Martin De Tours","Figueroa Alcorta & Sarmiento",1019,924.97,"Domingo"
51564,"238 Pichincha","1590 Lavalle",802,1336.49,"Lunes"
16756,"Bernardo Irigoyen 320","1590 Lavalle",640,1280.36,"Jueves"
93576,"Triunvirato Av. & Tronador","1590 Lavalle",2408,7389.28,"Miércoles"
51564,"708 Pasco & Chile","1590 Lavalle",816,1749.29,"Viernes"
452193,"Peru  1016","1590 Lavalle",1405,2334.45,"Sábado"
426508,"2516 Pereyra Lucena","2516 Pereyra Lucena",2554,0,"Viernes"
425918,"367 Sanchez De Thompson, Mariquita","2516 Pereyra Lucena",1922,3744.34,"Sábado"
452193,"Calle Perú, 718","Uriburu Jose E., Pres. & Paraguay",1979,3011.12,"Lunes"
452193,"1413 Araoz & Gorriti CABA","Uriburu Jose E., Pres. & Paraguay",1744,2558.74,"Lunes"
16756,"Marcelo T. de Alvear & Rodriguez Peña","Uriburu Jose E., Pres. & Paraguay",527,677.02,"Martes"
229284,"Av. Gaona 2200","Av. Gaona 2200",317,0,"Sábado"
167410,"Av. Gaona 2200","Av. Gaona 2200",1548,0,"Lunes"
599549,"Av. Gaona 2200","Av. Gaona 2200",2354,0,"Sábado"
167410,"2502 Galicia","Av. Gaona 2200",695,1185.16,"Jueves"
229284,"1471 Cucha Cucha","Av. Gaona 2200",1745,1015.96,"Martes"
492921,"1540 Garcia, Juan Agustin","Av. Gaona 2200",2169,1467.17,"Jueves"
492921,"Virasoro, Valentin & Figueroa, D Apolinario, Coronel","Av. Gaona 2200",1999,1491.94,"Jueves"
492921,"1355 San Martin Av.","Av. Gaona 2200",1353,1172.24,"Miércoles"
412121,"608 Doblas & Valle","Yerbal 1290",2,1684.89,"Miércoles"
301804,"Guayaquil & Doblas","Yerbal 1290",463,1582.14,"Domingo"
51564,"Avenida Rivadavia y Fray Cayetano","Saavedra & Mexico",3337,5711.47,"Miércoles"
51564,"708 Pasco & Chile","Saavedra & Mexico",2059,465.21,"Martes"
51564,"3817 Traful","Saavedra & Mexico",1317,4058.92,"Lunes"
51564,"3817 Traful","Saavedra & Mexico",1689,4058.92,"Lunes"
51564,"3817 Traful","Saavedra & Mexico",1416,4058.92,"Sábado"
51564,"3817 Traful","Saavedra & Mexico",1482,4058.92,"Viernes"
51564,"3817 Traful","Saavedra & Mexico",1504,4058.92,"Lunes"
51564,"Urquiza, Gral. & Rondeau","Saavedra & Mexico",758,2210.77,"Domingo"
51564,"1590 Lavalle","238 Pichincha",1961,1336.49,"Viernes"
51564,"3912 Humahuaca","238 Pichincha",845,2210.86,"Lunes"
51564,"Ramos Mejia, Jose Maria, Dr. Av. & Del Libertador Av.","238 Pichincha",1827,3137.12,"Viernes"
520871,"1798 Matienzo, Benjamin, Teniente","1798 Matienzo, Benjamin, Teniente",3914,0,"Lunes"
26195,"Olleros Av. & Del Libertador Av.","1798 Matienzo, Benjamin, Teniente",2960,593.24,"Jueves"
26195,"Av. Del Libertador, 3260","1798 Matienzo, Benjamin, Teniente",2851,2034.2,"Domingo"
599549,"Sucre, Antonio Jose De, Mcal. Y Vertiz Virrey Av.","1798 Matienzo, Benjamin, Teniente",1879,1609.53,"Viernes"
232364,"1019 Riglos","2000 Vicente Lopez",2689,6029.41,"Lunes"
188139,"Av. Sarmiento 2601","1078 Gurruchaga",868,1914.75,"Miércoles"
93576,"Triunvirato Av. & Tronador","1078 Gurruchaga",1218,3048.22,"Lunes"
216454,"1078 Gurruchaga","1078 Gurruchaga",444,0,"Domingo"
478794,"Godoy Cruz  3279 y Libertador","Sucre, Antonio Jose De, Mcal. Y Vertiz Virrey Av.",1438,2909.7,"Domingo"
275094,"Tronador y Garcia del Rio","Sucre, Antonio Jose De, Mcal. Y Vertiz Virrey Av.",6572,3447.71,"Sábado"
498500,"2700 Pedraza, Manuela","Sucre, Antonio Jose De, Mcal. Y Vertiz Virrey Av.",1555,2042.84,"Martes"
599060,"o´higins 1327","Sucre, Antonio Jose De, Mcal. Y Vertiz Virrey Av.",682,873.34,"Lunes"
492921,"Fitz Roy & Gorriti","2502 Galicia",2498,4626.91,"Miércoles"
328861,"Godoy Cruz  3279 y Libertador","2502 Galicia",9882,6677.82,"Lunes"
492921,"1540 Garcia, Juan Agustin","2502 Galicia",1688,1626.69,"Sábado"
9190,"J.Ramirez de Velasco 285","561 Uruguay & Av. Tucuman",1626,4418.6,"Jueves"
93576,"AZOPARDO 700","Suipacha & Viamonte, 709",630,2059.28,"Miércoles"
93576,"Triunvirato Av. & Tronador","Acevedo 220 y padilla",10789,2800.05,"Domingo"
481240,"J.Ramirez de Velasco 285","3822 Guemes",840,2267.63,"Sábado"
228280,"Sucre, Antonio Jose De, Mcal. Y Vertiz Virrey Av.","3822 Guemes",1683,4274.25,"Domingo"
228280,"Sucre, Antonio Jose De, Mcal. Y Vertiz Virrey Av.","3822 Guemes",1415,4274.25,"Sábado"
232196,"Cerrito & Arenales","3822 Guemes",1132,3132.13,"Martes"
246986,"Santa Fe Av. & Bullrich, Int. Av.","Santa Fe Av. & Bullrich, Int. Av.",2845,0,"Lunes"
99317,"Salguero, Jeronimo & Mansilla, Lucio Norberto, General","Santa Fe Av. & Bullrich, Int. Av.",649,1634.4,"Jueves"
188139,"Figueroa Alcorta, Pres. Av. & Dorrego Av.","Santa Fe Av. & Bullrich, Int. Av.",635,1456.7,"Miércoles"
583676,"Figueroa Alcorta & Sarmiento","Santa Fe Av. & Bullrich, Int. Av.",7574,1503.59,"Domingo"
599060,"o´higins 1327","Santa Fe Av. & Bullrich, Int. Av.",1755,2140.95,"Sábado"
23915,"1413 Araoz & Gorriti CABA","F.J.Santamaria de Oro & Guatemala",744,1057.64,"Miércoles"
599549,"1483 Quinteros, Lidoro J. Av.","Santa Fe Av. & Dorrego",1098,2932.12,"Sábado"
91633,"Olleros Av. & Del Libertador Av.","Av. Sarmiento 2601",834,2348.9,"Martes"
188139,"Av. Sarmiento 2601","Av. Sarmiento 2601",1898,0,"Viernes"
93576,"Triunvirato Av. & Tronador","Av. Sarmiento 2601",1595,4190.52,"Viernes"
426508,"Av. Del Libertador, 3260","Av. Sarmiento 2601",337,856.89,"Lunes"
188139,"Lavalle & Acuña De Figueroa, Francisco","Av. Sarmiento 2601",1088,1958.05,"Miércoles"
23915,"Av. Pres. Figueroa Alcorta 2120","Av. Sarmiento 2601",7078,2804.63,"Sábado"
299996,"Delgado & Loreto, Virrey","Delgado & Loreto, Virrey",4119,0,"Sábado"
93576,"Triunvirato Av. & Tronador","Delgado & Loreto, Virrey",538,1081.44,"Lunes"
361092,"Triunvirato Av. & Tronador","Delgado & Loreto, Virrey",830,1081.44,"Sábado"
93576,"Virasoro, Valentin & Figueroa, D Apolinario, Coronel","Delgado & Loreto, Virrey",1119,3279.25,"Miércoles"
17562,"Olleros Av. & Del Libertador Av.","Olleros Av. & Del Libertador Av.",11457,0,"Lunes"
91633,"1413 Araoz & Gorriti CABA","Olleros Av. & Del Libertador Av.",1153,3373.08,"Martes"
26195,"Maure 1819","Olleros Av. & Del Libertador Av.",2428,459.48,"Domingo"
525425,"2700 Pedraza, Manuela","Olleros Av. & Del Libertador Av.",1434,3236.1,"Martes"
498500,"Figueroa Alcorta & Sarmiento","Olleros Av. & Del Libertador Av.",2651,2471.03,"Martes"
538693,"Mexico 1652","Ramos Mejia, Av Dr Jose Maria Vargas& Av. Del Libertador",3545,2982.92,"Miércoles"
93576,"1321 Villarroel & Humboldt CABA","1355 San Martin Av.",1404,1617.79,"Sábado"
93576,"Triunvirato Av. & Tronador","Arenales y Aguero",1878,5583.2,"Sábado"
43462,"Libertad & lavalle","Arenales y Aguero",1254,2468.99,"Viernes"
538693,"Mexico 1652","Mexico 1652",1684,0,"Miércoles"
538693,"Mexico 1652","Mexico 1652",1779,0,"Martes"
538693,"684 Boulogne Sur Mer & Tucuman","Mexico 1652",1009,2133.21,"Martes"
16756,"Cordoba Av. & Montevideo","1350 Posadas",719,1238.86,"Viernes"
478794,"Sucre, Antonio Jose De, Mcal. Y Vertiz Virrey Av.","3050 Ugarteche",1527,4053.59,"Domingo"
495592,"Calle Perú, 718","ESMERALDA 516",796,1617.34,"Viernes"
228280,"Armenia 2315 & Charcas","Guatemala 4773",1644,386.93,"Miércoles"
30803,"Av. Guzman 1100 & Av. Corrientes","Guatemala 4773",952,2776.04,"Lunes"
93576,"1399 Moldes","Guatemala 4773",1645,3214.08,"Martes"
229284,"Av. Gaona 2200","1540 Garcia, Juan Agustin",701,1467.17,"Jueves"
492921,"Av. Gaona 2200","1540 Garcia, Juan Agustin",948,1467.17,"Jueves"
492921,"Miller & Monroe","1540 Garcia, Juan Agustin",1610,3758.69,"Viernes"
492921,"Avenida Rivadavia y Fray Cayetano","1540 Garcia, Juan Agustin",1601,3019.29,"Viernes"
492921,"Bruno Giordano&Neuquen","1540 Garcia, Juan Agustin",2347,2777.06,"Viernes"
492921,"1540 Garcia, Juan Agustin","1540 Garcia, Juan Agustin",2812,0,"Jueves"
427618,"1540 Garcia, Juan Agustin","1540 Garcia, Juan Agustin",4873,0,"Sábado"
498500,"1981 Vidal","1540 Garcia, Juan Agustin",1636,4116.81,"Martes"
492921,"Argerich & Flores, Venancio, Gral.","1540 Garcia, Juan Agustin",1373,3216.57,"Sábado"
167410,"Av. Gaona 2200","Calcena & Avellaneda Av.",1155,918.27,"Miércoles"
301804,"Guayaquil & Doblas","Calcena & Avellaneda Av.",757,2399.54,"Lunes"
301804,"Guayaquil & Doblas","Calcena & Avellaneda Av.",920,2399.54,"Viernes"
301804,"Guayaquil & Doblas","Calcena & Avellaneda Av.",1060,2399.54,"Miércoles"
301804,"Av. Rivadavia & Del Barco Centenera","Calcena & Avellaneda Av.",471,1468.02,"Miércoles"
43462,"Beruti & Ecuador","Reconquista & Corrientes Av.",1595,3004.06,"Viernes"
431678,"150 Dellepiane Y Pedro de Mendoza","Av. España 2200",1664,839.82,"Viernes"
222837,"Lavalle & Bouchard","Av. España 2200",1539,2239.32,"Martes"
495592,"Calle Perú, 718","902 Esmeralda",1553,2155.5,"Martes"
591099,"3084 Agrelo","Avenida Rivadavia y Fray Cayetano",2715,5108.69,"Domingo"
599549,"Av. Gaona 2200","Avenida Rivadavia y Fray Cayetano",1630,1762.77,"Lunes"
244527,"Lavalle & Acuña De Figueroa, Francisco","Avenida Rivadavia y Fray Cayetano",2503,5116.34,"Miércoles"
425918,"394 Rawson & Potosi","Avenida Rivadavia y Fray Cayetano",1913,4119.03,"Lunes"
495592,"367 Sanchez De Thompson, Mariquita","Calle Perú, 718",1160,2116.77,"Martes"
93576,"Triunvirato Av. & Tronador","Saenz Peña 938, Roque, Pres. Diagonal Norte Av. & Suipacha",2801,8252.26,"Jueves"
425918,"3051 San Martin De Tours","394 Rawson & Potosi",1857,4027.02,"Lunes"
599394,"Avenida Juan de Garay 1050","Avenida Juan de Garay 1050",1609,0,"Miércoles"
426508,"Parana & Juncal","Avenida Juan de Garay 1050",1144,3872.47,"Martes"
426508,"Parana & Juncal","Avenida Juan de Garay 1050",1244,3872.47,"Lunes"
426508,"Reconquista 76 & Cordoba Av.","Avenida Juan de Garay 1050",1656,3222.02,"Martes"
301804,"Calcena & Avellaneda Av.","608 Doblas & Valle",744,2504.47,"Viernes"
301804,"Calcena & Avellaneda Av.","608 Doblas & Valle",1090,2504.47,"Miércoles"
390832,"925 Yatay& Humahuaca","608 Doblas & Valle",1077,2595.2,"Martes"
301804,"Yerbal 1290","608 Doblas & Valle",568,1684.89,"Viernes"
339543,"Urquiza, Gral. & Rondeau","608 Doblas & Valle",1100,2475.67,"Viernes"
339543,"2908 Salcedo & Dean Funes","608 Doblas & Valle",864,2429.94,"Domingo"
241401,"Virasoro, Valentin & Figueroa, D Apolinario, Coronel","Virasoro, Valentin & Figueroa, D Apolinario, Coronel",1694,0,"Jueves"
496666,"137 Aranguren, Juan F., Dr. & Portugal","494 Gainza, Martin De, Gral.",399,1459.19,"Miércoles"
496666,"Avenida Rivadavia y Fray Cayetano","494 Gainza, Martin De, Gral.",707,2041.4,"Miércoles"
93576,"Beruti & Ecuador","1321 Villarroel & Humboldt CABA",2195,3893.54,"Sábado"
134343,"Reconquista 76 & Cordoba Av.","Carlos H. Perette 11",12693,1877.77,"Miércoles"
498500,"GARCIA DEL RIO & PINTO","1981 Vidal",1600,2330.25,"Domingo"
498500,"Armenia 1525 y Gorriti","1981 Vidal",1822,3943.71,"Jueves"
498500,"1540 Garcia, Juan Agustin","1981 Vidal",1470,4116.81,"Martes"
599549,"1981 Vidal","1981 Vidal",1594,0,"Martes"
281961,"2001 Donado","1981 Vidal",1806,1671.02,"Viernes"
93576,"Amenabar y Mendoza","1981 Vidal",1131,335.7,"Sábado"
136738,"CARLOS PELEGRINI 215","169 Peru & Roca, Julio A., Presidente Diagonal Sur Av.",510,684.25,"Martes"
522473,"Acevedo 220 y padilla","Aguero & Mansilla, Lucio Norberto, General",1079,3117.65,"Lunes"
522473,"Delgado & Loreto, Virrey","Aguero & Mansilla, Lucio Norberto, General",1523,4862.3,"Sábado"
522473,"Delgado & Loreto, Virrey","Aguero & Mansilla, Lucio Norberto, General",1430,4862.3,"Domingo"
228280,"Zapiola & Dorrego","Aguero & Mansilla, Lucio Norberto, General",1537,3419.45,"Sábado"
599060,"Triunvirato Av. & Roosevelt Franklin D. Av.","Triunvirato Av. & Roosevelt Franklin D. Av.",2050,0,"Domingo"
498500,"1981 Vidal","Triunvirato Av. & Roosevelt Franklin D. Av.",4309,2711.93,"Domingo"
533495,"Costa Rica & Armenia","Ramos Mejia, Jose Maria, Dr. Av. & Del Libertador Av.",1876,4719.5,"Sábado"
51564,"3817 Traful","300 Almafuerte Av. & Los Patos",463,1246.87,"Domingo"
68249,"Cevallos, Virrey& Yrigoyen, Hipolito Av.","Lima 750",670,1121.5,"Jueves"
134343,"Vera Peñaloza, Rosario 599 & Lanteri Julieta","Lima 750",787,2017.75,"Jueves"
134343,"Idependencia y Bernardo de Irigoyen","Lima 750",380715,107.33,"Viernes"
538693,"Mexico 1652","80 Larrea",449,1325.78,"Jueves"
538693,"Mexico 1652","80 Larrea",2863,1325.78,"Martes"
91633,"Lavalle & Acuña De Figueroa, Francisco","80 Larrea",1415,2200.5,"Miércoles"
51564,"Libertad & lavalle","80 Larrea",1050,1841,"Lunes"
93576,"AZOPARDO 700","80 Larrea",1168,3239.43,"Martes"
599060,"o´higins 1327","La Pampa 2512 & Ciudad de la Paz",3221,849.3,"Miércoles"
599060,"o´higins 1327","La Pampa 2512 & Ciudad de la Paz",2815,849.3,"Lunes"
599060,"o´higins 1327","La Pampa 2512 & Ciudad de la Paz",3778,849.3,"Sábado"
599060,"o´higins 1327","La Pampa 2512 & Ciudad de la Paz",2551,849.3,"Martes"
339543,"2908 Salcedo & Dean Funes","Avelino Diaz&Doblas",1045,2073.22,"Domingo"
591099,"Estados Unidos 21","3084 Agrelo",2388,3883.8,"Domingo"
93576,"Machaca Guemes 350","Madero, Eduardo Av. & Peron, Juan Domingo, Tte. General",10849,416.34,"Miércoles"
93576,"Av. Sarmiento 2601","Triunvirato Av. & Tronador",2765,4190.52,"Viernes"
93576,"3508 Carcova","Triunvirato Av. & Tronador",1692,4966.34,"Lunes"
93576,"Miller & Monroe","Triunvirato Av. & Tronador",706,1985.72,"Martes"
555573,"Miller & Monroe","Triunvirato Av. & Tronador",1027,1985.72,"Miércoles"
93576,"J.Ramirez de Velasco 285","Triunvirato Av. & Tronador",1356,3423.63,"Lunes"
93576,"Av. Guzman 1100 & Av. Corrientes","Triunvirato Av. & Tronador",378,1113.9,"Lunes"
93576,"Delgado & Loreto, Virrey","Triunvirato Av. & Tronador",405,1081.44,"Domingo"
93576,"Quintino Bocayuva y Don Bosco","Triunvirato Av. & Tronador",2172,5140.07,"Domingo"
522473,"Dr Tomas Manuel De  Anchorena &  Jose A. Cabrera","Triunvirato Av. & Tronador",1781,5591.19,"Sábado"
522473,"3302 Guardia Vieja & Aguero","Triunvirato Av. & Tronador",1736,5447.31,"Domingo"
93576,"Lavalle & Acuña De Figueroa, Francisco","Triunvirato Av. & Tronador",1913,4375.58,"Lunes"
93576,"1540 Garcia, Juan Agustin","Triunvirato Av. & Tronador",1602,2020.31,"Viernes"
93576,"Sucre, Antonio Jose De, Mcal. Y Vertiz Virrey Av.","Triunvirato Av. & Tronador",1166,3157.81,"Lunes"
14488,"Quintino Bocayuva y Don Bosco","1019 Riglos",1050,2228.46,"Sábado"
339543,"2908 Salcedo & Dean Funes","1019 Riglos",834,2723.02,"Domingo"
339543,"2908 Salcedo & Dean Funes","1019 Riglos",1106,2723.02,"Lunes"
339543,"2908 Salcedo & Dean Funes","1019 Riglos",838,2723.02,"Domingo"
339543,"2908 Salcedo & Dean Funes","1019 Riglos",1026,2723.02,"Domingo"
339543,"2908 Salcedo & Dean Funes","1019 Riglos",1060,2723.02,"Sábado"
498500,"2700 Pedraza, Manuela","1483 Quinteros, Lidoro J. Av.",2086,1673.77,"Lunes"
436080,"3302 Guardia Vieja & Aguero","1483 Quinteros, Lidoro J. Av.",3276,6646.66,"Martes"
345519,"1483 Quinteros, Lidoro J. Av.","1483 Quinteros, Lidoro J. Av.",3701,0,"Domingo"
345519,"2786 Montañeses","1483 Quinteros, Lidoro J. Av.",2568,332.5,"Martes"
281961,"2001 Donado","Miller & Monroe",2632,675.48,"Sábado"
426508,"Olleros Av. & Del Libertador Av.","Vuelta de Obligado 2004",751,1753.24,"Martes"
425918,"Dr Tomas Manuel De  Anchorena &  Jose A. Cabrera","Vuelta de Obligado 2004",3737,5837.77,"Sábado"
229284,"Av. Gaona 2200","137 Aranguren, Juan F., Dr. & Portugal",1051,2368.06,"Sábado"
229284,"Av. Gaona 2200","137 Aranguren, Juan F., Dr. & Portugal",1026,2368.06,"Sábado"
93576,"Olleros Av. & Del Libertador Av.","Cordoba 6599",1007,2455.27,"Jueves"
73452,"1355 San Martin Av.","Cordoba 6599",1777,2841.71,"Domingo"
60358,"Beruti & Ecuador","Miguel Sanchez y Av Libertadores",2297,7441.42,"Sábado"
583676,"Tronador y Garcia del Rio","Av. Guzman 1100 & Av. Corrientes",1951,4601.41,"Jueves"
164208,"Av. Guzman 1100 & Av. Corrientes","Av. Guzman 1100 & Av. Corrientes",1336,0,"Domingo"
93576,"80 Larrea","Av. Guzman 1100 & Av. Corrientes",2198,5431.71,"Martes"
498500,"Figueroa Alcorta, Pres. Av. & Dorrego Av.","Arcos & Roosevelt Franklin D.",1941,3646.76,"Domingo"
16756,"Cerrito 990 y Av. Marcelo T. De Alvear","Ing. E. Butty 291",387,1009.81,"Jueves"
431678,"Vera Peñaloza, Rosario 599 & Lanteri Julieta","Vera Peñaloza, Rosario 599 & Lanteri Julieta",1605,0,"Viernes"
431678,"Vera Peñaloza, Rosario 599 & Lanteri Julieta","Vera Peñaloza, Rosario 599 & Lanteri Julieta",1727,0,"Miércoles"
556125,"Vera Peñaloza, Rosario 599 & Lanteri Julieta","Vera Peñaloza, Rosario 599 & Lanteri Julieta",2204,0,"Lunes"
334879,"Vera Peñaloza, Rosario 599 & Lanteri Julieta","Vera Peñaloza, Rosario 599 & Lanteri Julieta",3390,0,"Miércoles"
134343,"Av. España 2200","Vera Peñaloza, Rosario 599 & Lanteri Julieta",134,363.52,"Miércoles"
496666,"2000 Vicente Lopez","1701 Fernandez Moreno, Baldomero",3292,7128.03,"Jueves"
538693,"1701 Fernandez Moreno, Baldomero","1701 Fernandez Moreno, Baldomero",1833,0,"Viernes"
538693,"1701 Fernandez Moreno, Baldomero","1701 Fernandez Moreno, Baldomero",1446,0,"Domingo"
104804,"Vera Peñaloza, Rosario 599 & Lanteri Julieta","367 Sanchez De Thompson, Mariquita",1794,2179.39,"Sábado"
104804,"367 Sanchez De Thompson, Mariquita","367 Sanchez De Thompson, Mariquita",2543,0,"Domingo"
332488,"GARCIA DEL RIO & PINTO","GARCIA DEL RIO & PINTO",1161,0,"Jueves"
498500,"2700 Pedraza, Manuela","GARCIA DEL RIO & PINTO",484,767.8,"Viernes"
498500,"Delgado & Loreto, Virrey","GARCIA DEL RIO & PINTO",1874,3491.61,"Domingo"
583676,"2519 Conesa","GARCIA DEL RIO & PINTO",3462,1623.51,"Sábado"
583676,"GARCIA DEL RIO & PINTO","2700 Pedraza, Manuela",2647,767.8,"Domingo"
583676,"GARCIA DEL RIO & PINTO","2700 Pedraza, Manuela",629,767.8,"Sábado"
301804,"608 Doblas & Valle","2700 Pedraza, Manuela",2940,8682.86,"Miércoles"
262441,"2700 Pedraza, Manuela","2700 Pedraza, Manuela",1427,0,"Jueves"
498500,"2519 Superi","2700 Pedraza, Manuela",2563,1210.56,"Viernes"
498500,"GARCIA DEL RIO & PINTO","2519 Superi",2403,1686.55,"Viernes"
17063,"2519 Superi","2519 Superi",3160,0,"Lunes"
17063,"2519 Superi","2519 Superi",2001,0,"Lunes"
498500,"1981 Vidal","2519 Superi",1533,974.54,"Martes"
498500,"1981 Vidal","2519 Superi",2431,974.54,"Lunes"
229284,"Av. Gaona 2200","1471 Cucha Cucha",552,1015.96,"Viernes"
229284,"Av. Gaona 2200","1471 Cucha Cucha",613,1015.96,"Jueves"
229284,"Av. Gaona 2200","1471 Cucha Cucha",573,1015.96,"Miércoles"
229284,"Av. Gaona 2200","1471 Cucha Cucha",507,1015.96,"Lunes"
229284,"Av. Gaona 2200","1471 Cucha Cucha",815,1015.96,"Domingo"
229284,"Av. Gaona 2200","1471 Cucha Cucha",478,1015.96,"Martes"
522473,"367 Sanchez De Thompson, Mariquita","Villaflor, Azucena & Paine, Aime",2380,1456.44,"Lunes"
134343,"Lima 750","BRASIL&DEFENSA",582,1327.5,"Domingo"
134343,"750 Pi Y Margall & Necochea","BRASIL&DEFENSA",1257,544.33,"Domingo"
524103,"803 José Marmol","Villaflor, Azucena & Dealessi, Pierina",1828,5726.68,"Sábado"
339543,"803 José Marmol","2908 Salcedo & Dean Funes",684,2009.45,"Domingo"
339543,"608 Doblas & Valle","2908 Salcedo & Dean Funes",776,2429.94,"Jueves"
339543,"608 Doblas & Valle","2908 Salcedo & Dean Funes",1155,2429.94,"Sábado"
339543,"608 Doblas & Valle","2908 Salcedo & Dean Funes",1019,2429.94,"Domingo"
339543,"1019 Riglos","2908 Salcedo & Dean Funes",1881,2723.02,"Domingo"
339543,"1019 Riglos","2908 Salcedo & Dean Funes",814,2723.02,"Lunes"
339543,"1019 Riglos","2908 Salcedo & Dean Funes",1800,2723.02,"Domingo"
339543,"1019 Riglos","2908 Salcedo & Dean Funes",1075,2723.02,"Domingo"
339543,"1019 Riglos","2908 Salcedo & Dean Funes",2121,2723.02,"Jueves"
339543,"3568 Estados Unidos & Boedo Av.","2908 Salcedo & Dean Funes",643,1430.96,"Domingo"
339543,"2908 Salcedo & Dean Funes","2908 Salcedo & Dean Funes",1563,0,"Martes"
49475,"Av. Sarmiento 2601","Manso Juana & De La Barra, Emma",1923,5694.22,"Lunes"
104804,"Vera Peñaloza, Rosario 599 & Lanteri Julieta","Manso Juana & De La Barra, Emma",1184,1976.96,"Viernes"
93576,"Parana & Juncal","Estados Unidos 21",1162,3470.67,"Jueves"
93576,"Moreno & Av Paseo Colon","Estados Unidos 21",213,801.47,"Jueves"
93576,"Madero, Eduardo Av. & Peron, Juan Domingo, Tte. General","Estados Unidos 21",368,1572.71,"Miércoles"
93576,"Madero, Eduardo Av. & Peron, Juan Domingo, Tte. General","Estados Unidos 21",520,1572.71,"Martes"
93576,"Madero, Eduardo Av. & Peron, Juan Domingo, Tte. General","Estados Unidos 21",617,1572.71,"Miércoles"
93576,"Lavalle & Bouchard","Estados Unidos 21",664,1825.16,"Miércoles"
93576,"Balcarce & Yrigoyen, Hipolito Av.","Estados Unidos 21",338,1083,"Miércoles"
93576,"3051 San Martin De Tours","Estados Unidos 21",2002,5646.98,"Miércoles"
93576,"527 25 De Mayo","Estados Unidos 21",664,1875.53,"Viernes"
492921,"Andres Lamas&Remedios Escalada de San Martin","Andres Lamas&Remedios Escalada de San Martin",317,0,"Martes"
492921,"1785 Espinosa","Andres Lamas&Remedios Escalada de San Martin",2122,1134.45,"Lunes"
492921,"1540 Garcia, Juan Agustin","Andres Lamas&Remedios Escalada de San Martin",2313,878.34,"Domingo"
241071,"300 Almafuerte Av. & Los Patos","Iguazu & Uspallata",1752,569.25,"Jueves"
93576,"Triunvirato Av. & Tronador","1399 Moldes",672,2018.96,"Jueves"
361092,"Triunvirato Av. & Tronador","1399 Moldes",1596,2018.96,"Domingo"
93576,"F.J.Santamaria de Oro & Guatemala","1399 Moldes",1098,2824.73,"Martes"
498500,"Amenabar y Mendoza","1399 Moldes",2095,910.74,"Jueves"
232196,"Tucuman & 9 De Julio Av.","67 San Martin",304,1008.68,"Martes"
214323,"Culpina 121","4083 Vallese, Felipe",2017,1994.6,"Viernes"
51564,"3817 Traful","3817 Traful",629,0,"Domingo"
51564,"Saavedra & Mexico","3817 Traful",1870,4058.92,"Jueves"
51564,"Saavedra & Mexico","3817 Traful",1310,4058.92,"Domingo"
51564,"Saavedra & Mexico","3817 Traful",2108,4058.92,"Domingo"
51564,"Saavedra & Mexico","3817 Traful",1676,4058.92,"Sábado"
51564,"Saavedra & Mexico","3817 Traful",1900,4058.92,"Jueves"
51564,"Saavedra & Mexico","3817 Traful",1309,4058.92,"Domingo"
134343,"Lima 750","Idependencia y Bernardo de Irigoyen",18555,107.33,"Miércoles"
431678,"Villaflor, Azucena & Dealessi, Pierina","150 Dellepiane Y Pedro de Mendoza",1245,1386.33,"Sábado"
431678,"Av. España 2200","150 Dellepiane Y Pedro de Mendoza",767,839.82,"Viernes"
492921,"1785 Espinosa","Culpina 121",1921,3195.3,"Jueves"
412121,"2502 Galicia","Culpina 121",1271,1809.53,"Domingo"
214323,"1701 Fernandez Moreno, Baldomero","Culpina 121",777,1548.92,"Martes"
214323,"Culpina 121","Culpina 121",2301,0,"Martes"
301581,"Culpina 121","Culpina 121",1865,0,"Jueves"
